<?xml version="1.0" encoding="UTF-8"?>
<beans:beans xmlns="http://www.springframework.org/schema/mvc"
	xmlns:xsi="http://www.w3.org/2001/XMLSchema-instance"
	xmlns:beans="http://www.springframework.org/schema/beans"
	xmlns:context="http://www.springframework.org/schema/context"
	xsi:schemaLocation="http://www.springframework.org/schema/mvc https://www.springframework.org/schema/mvc/spring-mvc.xsd
		http://www.springframework.org/schema/beans https://www.springframework.org/schema/beans/spring-beans.xsd
		http://www.springframework.org/schema/context https://www.springframework.org/schema/context/spring-context.xsd">

	<!-- DispatcherServlet Context: defines this servlet's request-processing infrastructure -->
	
	<!-- Enables the Spring MVC @Controller programming model -->
	<annotation-driven />

	<!-- Handles HTTP GET requests for /resources/** by efficiently serving up static resources in the ${webappRoot}/resources directory -->
	<resources mapping="/resources/**" location="/resources/" />

	<!-- Resolves views selected for rendering by @Controllers to .jsp resources in the /WEB-INF/views directory -->
	<beans:bean class="org.springframework.web.servlet.view.InternalResourceViewResolver">
		<beans:property name="prefix" value="/WEB-INF/views/" />
		<beans:property name="suffix" value=".jsp" />
	</beans:bean>
	
	<context:component-scan base-package="com.mylocal.myL" />
	<!-- ajax에서 ModelAndView를 이용한 방식을 사용하기 위해서는 다음과 같은 두개의 빈을 
	등록해야한다. -->
	<beans:bean id="jsonView" class="net.sf.json.spring.web.servlet.view.JsonView"/>
	
	<!-- viewResolver라하면, viewName과  실제 view단을 연결해주는 역할을 하는데
		하단에 등록할 BeanNameViewResolver는 요청한 viewName과 실제 bean 이름을 매핑해주는 역할을 한다.
	 -->
	 <beans:bean id="viewResolver" class="org.springframework.web.servlet.view.BeanNameViewResolver">
	 	<beans:property name="order" value="0"/>
	 </beans:bean>
	
	<!-- 상품 등록 : 업로드 파일 경로 -->
	<beans:bean id="uploadPath" class="java.lang.String">
		<beans:constructor-arg value="C:\Users\규내\git\final_buylocal\src\main\webapp\resources\insertProduct">
		</beans:constructor-arg>
	</beans:bean>
	
	<!-- 멀티파트 리졸버 (20.01.17. 규내) -->

	<beans:bean id="multipartResolver"  
	class="org.springframework.web.multipart.commons.CommonsMultipartResolver">
    <beans:property name="maxUploadSize" value="52428800"></beans:property></beans:bean>
	
</beans:beans>
