<?xml version="1.0" encoding="UTF-8"?>
<!DOCTYPE mapper PUBLIC "-//mybatis.org//DTD Mapper 3.0//EN"
 "http://mybatis.org/dtd/mybatis-3-mapper.dtd" >

<mapper namespace="replyMapper">

<resultMap id="ReplyResultSet" type="Reply">
      <id property="rNo" column="R_NO"/>
      <result property="sbNo" column="SB_NO"/>
      <result property="cName" column="C_NAME"/>
      <result property="cNo" column="C_NO"/>
      <result property="rCreateDate" column="R_CREATEDATE"/>
      <result property="rContent" column="R_CONTENT"/>
      <result property="rStatus" column="R_STATUS"/>
      <result property="rLevel" column="R_LEVEL"/>
      <result property="refRno" column="REF_RNO"/>
      
</resultMap>

<select id="selectList" resultMap="ReplyResultSet" parameterType="Reply">
   SELECT *
   FROM REPLY
    JOIN CUSTOMER USING(C_NO)
      WHERE SB_NO=#{sbNo}
    ORDER BY R_NO DESC
</select>

<insert id="insertReply" parameterType="Reply" >
   INSERT INTO REPLY
   VALUES(R_NO.NEXTVAL, #{sbNo}, #{cNo}, SYSDATE, #{rContent}, 'Y' , #{rLevel}, #{refRno} )
</insert>

<update id="deleteReply" parameterType="Reply">
   UPDATE REPLY
   SET   R_STATUS='N'
   WHERE R_NO=#{rNo}
</update>

<!--시도1  -->
<select id="selectrNo" resultMap="ReplyResultSet" parameterType="_int" resultType="Reply">
   SELECT * 
   FROM REPLY
   WHERE R_NO=#{rNo}
</select>

<update id="updateReply" parameterType="Reply">
   UPDATE SHAREBOARD
   SET R_CONTENT=#{rContent}, rCreateDate=SYSDATE
   WHERE R_NO=#{rNo}
</update>   
   
</mapper>
   